iter	Logloss
0	0.6845111314
1	0.6669335349
